{
    "amylase_esm3_temp_0.5_gen_0": {
        "esm2_650M_perplexity": 4.788739425633878
    },
    "amylase_esm3_temp_0.5_gen_1": {
        "esm2_650M_perplexity": 4.410654320406862
    },
    "amylase_esm3_temp_0.5_gen_2": {
        "esm2_650M_perplexity": 4.697808601387666
    },
    "amylase_esm3_temp_0.5_gen_3": {
        "esm2_650M_perplexity": 4.722842966762589
    },
    "amylase_esm3_temp_0.5_gen_4": {
        "esm2_650M_perplexity": 4.968064110952429
    },
    "amylase_esm3_temp_0.5_gen_5": {
        "esm2_650M_perplexity": 5.245877270158163
    },
    "amylase_esm3_temp_0.5_gen_6": {
        "esm2_650M_perplexity": 5.166093908279621
    },
    "amylase_esm3_temp_0.5_gen_7": {
        "esm2_650M_perplexity": 4.4356270950706005
    },
    "amylase_esm3_temp_0.5_gen_8": {
        "esm2_650M_perplexity": 5.015403830945696
    },
    "amylase_esm3_temp_0.5_gen_9": {
        "esm2_650M_perplexity": 4.919417854114232
    },
    "amylase_esm3_temp_0.5_gen_10": {
        "esm2_650M_perplexity": 5.1393464749030615
    },
    "amylase_esm3_temp_0.5_gen_11": {
        "esm2_650M_perplexity": 4.538532808729177
    },
    "amylase_esm3_temp_0.5_gen_12": {
        "esm2_650M_perplexity": 4.930311253529899
    },
    "amylase_esm3_temp_0.5_gen_13": {
        "esm2_650M_perplexity": 4.801307968576957
    },
    "amylase_esm3_temp_0.5_gen_14": {
        "esm2_650M_perplexity": 5.32105483072692
    },
    "amylase_esm3_temp_0.5_gen_15": {
        "esm2_650M_perplexity": 5.03637982502171
    },
    "amylase_esm3_temp_0.5_gen_16": {
        "esm2_650M_perplexity": 4.865045861303686
    },
    "amylase_esm3_temp_0.5_gen_17": {
        "esm2_650M_perplexity": 4.927870999040829
    },
    "amylase_esm3_temp_0.5_gen_18": {
        "esm2_650M_perplexity": 4.936235615115716
    },
    "amylase_esm3_temp_0.5_gen_19": {
        "esm2_650M_perplexity": 5.062080062969119
    },
    "amylase_esm3_temp_0.5_gen_20": {
        "esm2_650M_perplexity": 5.215247480554728
    },
    "amylase_esm3_temp_0.5_gen_21": {
        "esm2_650M_perplexity": 4.9004713607124195
    },
    "amylase_esm3_temp_0.5_gen_22": {
        "esm2_650M_perplexity": 4.925941340460024
    },
    "amylase_esm3_temp_0.5_gen_23": {
        "esm2_650M_perplexity": 4.7355211769422025
    },
    "amylase_esm3_temp_0.5_gen_24": {
        "esm2_650M_perplexity": 4.856466810508728
    },
    "amylase_esm3_temp_0.5_gen_25": {
        "esm2_650M_perplexity": 4.885880701838855
    },
    "amylase_esm3_temp_0.5_gen_26": {
        "esm2_650M_perplexity": 4.772199625989598
    },
    "amylase_esm3_temp_0.5_gen_27": {
        "esm2_650M_perplexity": 4.9483089883681375
    },
    "amylase_esm3_temp_0.5_gen_28": {
        "esm2_650M_perplexity": 4.731967691681364
    },
    "amylase_esm3_temp_0.5_gen_29": {
        "esm2_650M_perplexity": 4.837608115519433
    },
    "amylase_esm3_temp_0.5_gen_30": {
        "esm2_650M_perplexity": 5.450220495945187
    },
    "amylase_esm3_temp_0.5_gen_31": {
        "esm2_650M_perplexity": 4.790671424395862
    },
    "amylase_esm3_temp_0.5_gen_32": {
        "esm2_650M_perplexity": 4.697461301630803
    },
    "amylase_esm3_temp_0.5_gen_33": {
        "esm2_650M_perplexity": 4.462103875392956
    },
    "amylase_esm3_temp_0.5_gen_34": {
        "esm2_650M_perplexity": 4.8678269234836575
    },
    "amylase_esm3_temp_0.5_gen_35": {
        "esm2_650M_perplexity": 5.141362527320873
    },
    "amylase_esm3_temp_0.5_gen_36": {
        "esm2_650M_perplexity": 4.812040827459706
    },
    "amylase_esm3_temp_0.5_gen_37": {
        "esm2_650M_perplexity": 4.975530902569393
    },
    "amylase_esm3_temp_0.5_gen_38": {
        "esm2_650M_perplexity": 4.82518437291487
    },
    "amylase_esm3_temp_0.5_gen_39": {
        "esm2_650M_perplexity": 4.825328015937473
    },
    "amylase_esm3_temp_0.5_gen_40": {
        "esm2_650M_perplexity": 4.66441009411746
    },
    "amylase_esm3_temp_0.5_gen_41": {
        "esm2_650M_perplexity": 5.161282164541188
    },
    "amylase_esm3_temp_0.5_gen_42": {
        "esm2_650M_perplexity": 4.957860646475373
    },
    "amylase_esm3_temp_0.5_gen_43": {
        "esm2_650M_perplexity": 4.733103041019983
    },
    "amylase_esm3_temp_0.5_gen_44": {
        "esm2_650M_perplexity": 5.2971636312494335
    },
    "amylase_esm3_temp_0.5_gen_45": {
        "esm2_650M_perplexity": 4.874429592186484
    },
    "amylase_esm3_temp_0.5_gen_46": {
        "esm2_650M_perplexity": 4.689590019898065
    },
    "amylase_esm3_temp_0.5_gen_47": {
        "esm2_650M_perplexity": 4.471153644374123
    },
    "amylase_esm3_temp_0.5_gen_48": {
        "esm2_650M_perplexity": 5.0455037095112365
    },
    "amylase_esm3_temp_0.5_gen_49": {
        "esm2_650M_perplexity": 4.935607014841453
    },
    "amylase_esm3_temp_0.5_gen_50": {
        "esm2_650M_perplexity": 5.018262105794087
    },
    "amylase_esm3_temp_0.5_gen_51": {
        "esm2_650M_perplexity": 4.816941837050146
    },
    "amylase_esm3_temp_0.5_gen_52": {
        "esm2_650M_perplexity": 4.69127271746052
    },
    "amylase_esm3_temp_0.5_gen_53": {
        "esm2_650M_perplexity": 5.335888878688817
    },
    "amylase_esm3_temp_0.5_gen_54": {
        "esm2_650M_perplexity": 5.186846162327932
    },
    "amylase_esm3_temp_0.5_gen_55": {
        "esm2_650M_perplexity": 5.048095426944388
    },
    "amylase_esm3_temp_0.5_gen_56": {
        "esm2_650M_perplexity": 4.954437142118062
    },
    "amylase_esm3_temp_0.5_gen_57": {
        "esm2_650M_perplexity": 4.872038725477297
    },
    "amylase_esm3_temp_0.5_gen_58": {
        "esm2_650M_perplexity": 4.956562251263353
    },
    "amylase_esm3_temp_0.5_gen_59": {
        "esm2_650M_perplexity": 4.998569059537044
    },
    "amylase_esm3_temp_0.5_gen_60": {
        "esm2_650M_perplexity": 4.6510070025607995
    },
    "amylase_esm3_temp_0.5_gen_61": {
        "esm2_650M_perplexity": 5.601487191685355
    },
    "amylase_esm3_temp_0.5_gen_62": {
        "esm2_650M_perplexity": 4.829934188530296
    },
    "amylase_esm3_temp_0.5_gen_63": {
        "esm2_650M_perplexity": 5.103112083552558
    },
    "amylase_esm3_temp_0.5_gen_64": {
        "esm2_650M_perplexity": 5.001063495691067
    },
    "amylase_esm3_temp_0.5_gen_65": {
        "esm2_650M_perplexity": 4.744673902539128
    },
    "amylase_esm3_temp_0.5_gen_66": {
        "esm2_650M_perplexity": 5.219840586252348
    },
    "amylase_esm3_temp_0.5_gen_67": {
        "esm2_650M_perplexity": 4.8226023831350595
    },
    "amylase_esm3_temp_0.5_gen_68": {
        "esm2_650M_perplexity": 5.261805728827782
    },
    "amylase_esm3_temp_0.5_gen_69": {
        "esm2_650M_perplexity": 5.077291472478242
    },
    "amylase_esm3_temp_0.5_gen_70": {
        "esm2_650M_perplexity": 4.787021092571675
    },
    "amylase_esm3_temp_0.5_gen_71": {
        "esm2_650M_perplexity": 4.73266593163524
    },
    "amylase_esm3_temp_0.5_gen_72": {
        "esm2_650M_perplexity": 5.122033339123132
    },
    "amylase_esm3_temp_0.5_gen_73": {
        "esm2_650M_perplexity": 4.957328373792239
    },
    "amylase_esm3_temp_0.5_gen_74": {
        "esm2_650M_perplexity": 5.048247921203373
    },
    "amylase_esm3_temp_0.5_gen_75": {
        "esm2_650M_perplexity": 5.261625854468653
    },
    "amylase_esm3_temp_0.5_gen_76": {
        "esm2_650M_perplexity": 4.567352271141632
    },
    "amylase_esm3_temp_0.5_gen_77": {
        "esm2_650M_perplexity": 5.091450477101465
    },
    "amylase_esm3_temp_0.5_gen_78": {
        "esm2_650M_perplexity": 4.788565209975669
    },
    "amylase_esm3_temp_0.5_gen_79": {
        "esm2_650M_perplexity": 5.01274852617193
    },
    "amylase_esm3_temp_0.5_gen_80": {
        "esm2_650M_perplexity": 4.8001222631122
    },
    "amylase_esm3_temp_0.5_gen_81": {
        "esm2_650M_perplexity": 5.080475790974145
    },
    "amylase_esm3_temp_0.5_gen_82": {
        "esm2_650M_perplexity": 5.103621612145271
    },
    "amylase_esm3_temp_0.5_gen_83": {
        "esm2_650M_perplexity": 4.819467620251166
    },