{
    "seq_0_L_425": {
        "esm2_650M_perplexity": 3.4899237848880658,
        "activity": 10.5526552686787
    },
    "seq_1_L_425": {
        "esm2_650M_perplexity": 3.568501828419427,
        "activity": 9.33832458789625
    },
    "seq_2_L_425": {
        "esm2_650M_perplexity": 3.4993778764914527,
        "activity": 8.28941355832543
    },
    "seq_3_L_425": {
        "esm2_650M_perplexity": 3.5968670910624314,
        "activity": 7.0076892088379
    },
    "seq_4_L_425": {
        "esm2_650M_perplexity": 3.550845936006645,
        "activity": 6.89856678037705
    },
    "seq_5_L_425": {
        "esm2_650M_perplexity": 3.5072856031431363,
        "activity": 6.49394171051301
    },
    "seq_6_L_425": {
        "esm2_650M_perplexity": 3.4913283538880826,
        "activity": 6.46377985929539
    },
    "seq_7_L_425": {
        "esm2_650M_perplexity": 3.5248393363471724,
        "activity": 5.79036827962438
    },
    "seq_8_L_425": {
        "esm2_650M_perplexity": 3.552201982142079,
        "activity": 5.62322947111135
    },
    "seq_9_L_425": {
        "esm2_650M_perplexity": 3.536029706288854,
        "activity": 5.56961850416785
    },
    "seq_10_L_425": {
        "esm2_650M_perplexity": 3.4816750793988107,
        "activity": 5.13476326615695
    },
    "seq_11_L_425": {
        "esm2_650M_perplexity": 3.553231617848683,
        "activity": 5.11929655273786
    },
    "seq_12_L_425": {
        "esm2_650M_perplexity": 3.5584720541639685,
        "activity": 5.07027626398274
    },
    "seq_13_L_425": {
        "esm2_650M_perplexity": 3.6383103011627673,
        "activity": 5.04896804340139
    },
    "seq_14_L_425": {
        "esm2_650M_perplexity": 3.516706734877541,
        "activity": 4.97329017801151
    },
    "seq_15_L_425": {
        "esm2_650M_perplexity": 3.506825967113552,
        "activity": 4.8303676575714
    },
    "seq_16_L_425": {
        "esm2_650M_perplexity": 3.607192069914043,
        "activity": 4.76972886841305
    },
    "seq_17_L_425": {
        "esm2_650M_perplexity": 3.61498093582937,
        "activity": 4.69119989039064
    },
    "seq_18_L_425": {
        "esm2_650M_perplexity": 3.464469121340459,
        "activity": 4.67562141568623
    },
    "seq_19_L_425": {
        "esm2_650M_perplexity": 3.4556136833894016,
        "activity": 4.66689746220792
    },
    "seq_20_L_425": {
        "esm2_650M_perplexity": 3.545091297477528,
        "activity": 4.63617969776645
    },
    "seq_21_L_425": {
        "esm2_650M_perplexity": 3.589870451409501,
        "activity": 4.61473088752475
    },
    "seq_22_L_425": {
        "esm2_650M_perplexity": 3.5941737485423353,
        "activity": 4.56232295136043
    },
    "seq_23_L_425": {
        "esm2_650M_perplexity": 3.578391688826566,
        "activity": 4.48280049065722
    },
    "seq_24_L_425": {
        "esm2_650M_perplexity": 3.550993864469511,
        "activity": 4.47065965696208
    },
    "seq_25_L_425": {
        "esm2_650M_perplexity": 3.476509626952871,
        "activity": 4.45627640411014
    },
    "seq_26_L_425": {
        "esm2_650M_perplexity": 3.5090878092592255,
        "activity": 4.33275635278873
    },
    "seq_27_L_425": {
        "esm2_650M_perplexity": 3.4636869849069347,
        "activity": 4.13598283607006
    },
    "seq_28_L_425": {
        "esm2_650M_perplexity": 3.5094490570035193,
        "activity": 3.85640102323368
    },
    "seq_29_L_425": {
        "esm2_650M_perplexity": 3.563158536700622,
        "activity": 3.70781061049739
    },
    "seq_30_L_425": {
        "esm2_650M_perplexity": 3.5319322666293016,
        "activity": 3.68490226340118
    },
    "seq_31_L_425": {
        "esm2_650M_perplexity": 3.5681936381533195,
        "activity": 3.61837313156288
    },
    "seq_32_L_425": {
        "esm2_650M_perplexity": 3.5244290129343656,
        "activity": 3.52205585496167
    },
    "seq_33_L_425": {
        "esm2_650M_perplexity": 3.5937564025290882,
        "activity": 3.39113719625888
    },
    "seq_34_L_425": {
        "esm2_650M_perplexity": 3.6069469775944962,
        "activity": 3.22096317932206
    },
    "seq_35_L_425": {
        "esm2_650M_perplexity": 3.570248106650324,
        "activity": 3.15100740646057
    },
    "seq_36_L_425": {
        "esm2_650M_perplexity": 3.5143275325459307,
        "activity": 2.47718618602589
    },
    "seq_37_L_425": {
        "esm2_650M_perplexity": 3.526951003705406,
        "activity": 2.42957473839321
    },
    "seq_38_L_425": {
        "esm2_650M_perplexity": 3.448750213659589,
        "activity": 1.87054565959231
    },
    "seq_39_L_425": {
        "esm2_650M_perplexity": 3.5025355861024137,
        "activity": 1.78086747132389
    },
    "seq_40_L_425": {
        "esm2_650M_perplexity": 3.465268121930766,
        "activity": 1.75675830583472
    },
    "seq_41_L_425": {
        "esm2_650M_perplexity": 3.480680085516678,
        "activity": 1.68679700508458
    },
    "seq_42_L_425": {
        "esm2_650M_perplexity": 3.515632891958674,
        "activity": 1.67341691517992
    },
    "seq_43_L_425": {
        "esm2_650M_perplexity": 3.501452256749439,
        "activity": 1.65977180046339
    },
    "seq_44_L_425": {
        "esm2_650M_perplexity": 3.5744172177979836,
        "activity": 1.6574585643495
    },
    "seq_45_L_425": {
        "esm2_650M_perplexity": 3.4597581861393634,
        "activity": 1.61547649754451
    },
    "seq_46_L_425": {
        "esm2_650M_perplexity": 3.4843802907722243,
        "activity": 1.60576129483661
    },
    "seq_47_L_425": {
        "esm2_650M_perplexity": 3.532511371919929,
        "activity": 1.52773055721714
    },
    "seq_48_L_425": {
        "esm2_650M_perplexity": 3.524657753273049,
        "activity": 1.52510473566661
    },
    "seq_50_L_425": {
        "esm2_650M_perplexity": 3.546965222074834,
        "activity": 1.51082698985933
    },
    "seq_52_L_425": {
        "esm2_650M_perplexity": 3.523676765513599,
        "activity": 1.478085193305
    },
    "seq_53_L_425": {
        "esm2_650M_perplexity": 3.5110835285577475,
        "activity": 1.46507028570382
    },
    "seq_54_L_425": {
        "esm2_650M_perplexity": 3.5292903330272725,
        "activity": 1.42428029618704
    },
    "seq_55_L_425": {
        "esm2_650M_perplexity": 3.47728425378997,
        "activity": 1.41524524799609
    },
    "seq_56_L_425": {
        "esm2_650M_perplexity": 3.4966671307560935,
        "activity": 1.37342012903848
    },
    "seq_57_L_425": {
        "esm2_650M_perplexity": 3.5498452955755386,
        "activity": 1.35261962543363
    },
    "seq_58_L_425": {
        "esm2_650M_perplexity": 3.559099508760573,
        "activity": 1.32339534979119
    },
    "seq_59_L_425": {
        "esm2_650M_perplexity": 3.4664164548983813,
        "activity": 1.30734559747924
    },
    "seq_60_L_425": {
        "esm2_650M_perplexity": 3.514394132033132,
        "activity": 1.29232004033704
    },
    "seq_61_L_425": {
        "esm2_650M_perplexity": 3.5588695312195395,
        "activity": 1.28994065840382
    },
    "seq_62_L_425": {
        "esm2_650M_perplexity": 3.604143442425144,
        "activity": 1.24201019923948
    },
    "seq_63_L_425": {
        "esm2_650M_perplexity": 3.580552319655445,
        "activity": 1.23844028976184
    },
    "seq_64_L_425": {
        "esm2_650M_perplexity": 3.612425894258456,
        "activity": 1.23493412614056
    },
    "seq_65_L_425": {
        "esm2_650M_perplexity": 3.5753913927101197,
        "activity": 1.22189763794465
    },
    "seq_67_L_425": {
        "esm2_650M_perplexity": 3.5897298837098814,
        "activity": 1.20228398958005
    },
    "seq_68_L_425": {
        "esm2_650M_perplexity": 3.586442208963844,
        "activity": 1.20100801760862
    },
    "seq_69_L_425": {
        "esm2_650M_perplexity": 3.5321625209069887,
        "activity": 1.18799988441705
    },
    "seq_70_L_425": {
        "esm2_650M_perplexity": 3.4735374111243065,
        "activity": 1.18605656481312
    },